userId,username,password,email,nickname,userRole,phoneNumber
e58b6dd8-4a2d-437d-9a9f-4a4396c69b87,user1,$2a$10$shHXMiwz7EYYDHH5CHpD3Od5Hm3XJ4y2DmLgu1wu/u69eD1YuZl/e,user1@example.com,User1,USER,010-0000-0001
3e8eaaba-d945-4ef0-88e9-ef8e6facf7ce,user2,$2a$10$1aHpPKaOyzKbDqTJDk6Wn.ZiJwMVLhk2kghRqYCKvfRW7.Wy84Tli,user2@example.com,User2,USER,010-0000-0002
abd3f1c0-c01d-42b5-9dbe-b587119cea6b,user3,$2a$10$uMylBFl9w84E5gxPJ8hMn.OAUZwUJ6aBMAsfoRC8XFPJfaM174vDC,user3@example.com,User3,USER,010-0000-0003
b39116e7-33f3-4b1f-b7c7-b2e647362a08,user4,$2a$10$EPZrnsCTmICDhxh188F6EuEWrLuzvayy.S2eHcXCyNFC9.zk.HfhK,user4@example.com,User4,USER,010-0000-0004
ebe59864-420b-466a-bae6-d5c7168fb7a8,user5,$2a$10$GDEe8OAtE5EfMygW7h5n5edOJoWqR4MOWdeXBzALQu7lEkO9wPoBC,user5@example.com,User5,USER,010-0000-0005
c2f9f343-f048-41f3-a76e-4b36c93f38df,user6,$2a$10$s76oL1/xpZehe9llHvDy/..tgggoiJhKb7ux7b5rjafEbC3rqHrk6,user6@example.com,User6,USER,010-0000-0006
4a4ec24f-66f8-4950-ab80-c69b652a3538,user7,$2a$10$U39Kbl34K2p3/9gzrkWL2.WOE3KAJR2HCCnPxHzjilLJEnuTdiaTS,user7@example.com,User7,USER,010-0000-0007
f41c28b4-581c-495c-9881-73287e57d64d,user8,$2a$10$l40LZ6kGjmbbRmrgFHJ2MuwlERc9w9vMMDL/v.mdz.6FMmOvYMQWa,user8@example.com,User8,USER,010-0000-0008
9cae5b49-d839-48c9-b95b-e54f4bf85e45,user9,$2a$10$PBxwpAXMPP.FlcnV1oChi.Tc3WDoYQ4WUNBpMV7ffdTaGr8VRrfwG,user9@example.com,User9,USER,010-0000-0009
edb00d10-1ebe-4d1d-a3fa-b40d539bd1e6,user10,$2a$10$uWmkONX3.JqeWnF/gLvvWuA1azvU5sDfQTpc9PFZCW5pu21FQtdM.,user10@example.com,User10,USER,010-0000-00010
115bb168-60de-476b-b059-4d31901eface,user11,$2a$10$rJnGbqZNOYnqtRikUBNnGedUqyBEalIZNHMYTHjqW2Lz1IgyynwL6,user11@example.com,User11,USER,010-0000-00011
174d5d2d-6d35-4f8a-9951-eec01e6f6948,user12,$2a$10$B9ktBhvsdf4HQSDFx0ra1.XghUqd0B7um022ANElC88X5aya.wn2G,user12@example.com,User12,USER,010-0000-00012
e8d28c72-aac6-4ac7-9944-be835b38f459,user13,$2a$10$OpWNqKLpJ94ctZXobAABCeomTJvOyLcr2fWQZVz7YVw8qGnHAg9oK,user13@example.com,User13,USER,010-0000-00013
ad96465c-45f1-447b-8b29-41c9da8e3476,user14,$2a$10$SrZPoEToor67UCSJtBdSKugyLAbuAs9P0qySoAeLhulquKxhDoatO,user14@example.com,User14,USER,010-0000-00014
2e837eb7-6ba6-45fd-b9f5-cf04f3e7699a,user15,$2a$10$yFfHADsXNOeWVdD3KssdeuGKJdwv8cmTPghUwW7HX5oOOgjtcS.b2,user15@example.com,User15,USER,010-0000-00015
a330bf04-faae-4ce8-9765-ccf0f48ea805,user16,$2a$10$bKVoIJB5KhD8zCd4vWorMuLW3F5WvvMSNwOjw5Pa25AAU9qZJAPlq,user16@example.com,User16,USER,010-0000-00016
7a3abb19-e469-467a-b5a7-44fdf6545703,user17,$2a$10$lyXVK4tcCV4Z4cJyqlkj2u0ziXCsiJG2Rw4D/Zpy6Xe.nELQwaeA.,user17@example.com,User17,USER,010-0000-00017
c1c9babb-f45b-4af8-a853-19da2af11ba1,user18,$2a$10$MzW22nOvbKhvK28s17i5I.1.IBF88Jiy5Uz/wCdVcVECKpjGIVh2u,user18@example.com,User18,USER,010-0000-00018
d30c3b40-d206-4e5f-be16-0687f8a43908,user19,$2a$10$u7w5OfaO6jUKOPMP1N3MmemBxwne4crmB/VoUo5Gla8DrR2k8B56.,user19@example.com,User19,USER,010-0000-00019
992a6c02-2640-4e87-bd7e-3885fc23917a,user20,$2a$10$jAs1DHrO4MdCqi3IwsP2JOz2lugV2XzZeVQcxxPgchBNeEhOJDMlW,user20@example.com,User20,USER,010-0000-00020
af23512c-b91d-4667-b03e-d488c92d9d83,user21,$2a$10$narekWapk/TvUZvmaKoDZOXE.Bg3Yfzffw2jT3q5BcUYVoX0jIeay,user21@example.com,User21,USER,010-0000-00021
e098a728-7178-4f33-9fa6-889ce2ea501f,user22,$2a$10$WfNBm5ayeECKc.M9LAdB5umk7enGmsEEXd/ODAl/2PItS0DtYUJce,user22@example.com,User22,USER,010-0000-00022
54066e6c-0695-47b0-9602-1e53012231b0,user23,$2a$10$EomZ2joCk/7iVg/iMpza9uOkcOzbzPbH4GZKWoH/RGBSVoZ.5p9Vy,user23@example.com,User23,USER,010-0000-00023
1fb6b1a2-c126-4e19-81bd-6f3ac2c9510c,user24,$2a$10$ljnovK46PwBZcP.1JU/eme7oe/sQnkqQoewruAWd3E0yqM9iQufjq,user24@example.com,User24,USER,010-0000-00024
43828491-79d3-4478-9341-079e69c17de9,user25,$2a$10$UzcOP7dq/.xmQRP3awWDaeOSsAeuvD3UsIlNX8FZZ0D6yOBlNfyti,user25@example.com,User25,USER,010-0000-00025
a4e94171-02a8-45af-8e7d-0751bc9b859e,user26,$2a$10$nj2S6YI5SFLGvWDBpavcnu8.TDszHCMDCg3TE/SM5bfoVefiB1ckO,user26@example.com,User26,USER,010-0000-00026
158abf84-479a-433f-bb76-9cc988588f0a,user27,$2a$10$67sFaIpzqf2vlN4ZmcOqxeQFwQR0lnbNzbffI7U3Vw/Y3KQLnJns6,user27@example.com,User27,USER,010-0000-00027
a9031468-aa4c-4d2b-8417-d7b930608add,user28,$2a$10$xeB/yPZc2/iswgXGld/WCODpknjl710czW6OGHIZZ7PobggrjD2nq,user28@example.com,User28,USER,010-0000-00028
2d5f9725-7f3d-4717-bcbb-20664b72e72e,user29,$2a$10$OdmfajKVoW9BNWnKRkicBuU6E1xEZObyYfibu3CWCmQ/sCyKR0yfa,user29@example.com,User29,USER,010-0000-00029
d5aab50c-634b-44d0-b18f-1e93f832e78c,user30,$2a$10$4joJlYAfCvzQ8g0YASw4sulNes4oqCpChlnQauIuydi9nxPHXLgam,user30@example.com,User30,USER,010-0000-00030
45514efc-0a17-461e-8bbf-5cdad7fc662c,user31,$2a$10$a5UmPD34Y1Bp4y1.LkWC1uZ9e6s7BcqDt6xFWTk2IODAQtsxelcy6,user31@example.com,User31,USER,010-0000-00031
7218f8e0-34ac-4781-8e17-8fa766202ca1,user32,$2a$10$uT/UId2wsZdu3DiAbfFMju4/arvLC3Pfol6dUHW0cjvCsIDHeQhQ.,user32@example.com,User32,USER,010-0000-00032
0c4cb579-2b6a-449f-86b4-0045679e627f,user33,$2a$10$hZ3xhjUtyDN6gCC56P5uvucxW7sfsXDl/oyGQPUQAUYWS6u7nfgne,user33@example.com,User33,USER,010-0000-00033
03f310de-736a-42e5-9d6a-72238bd72e9c,user34,$2a$10$6MEBY36chgg0sT0yb4yMFOQMS09yY2jMNFaS1NB97OuAkiTHbat4W,user34@example.com,User34,USER,010-0000-00034
8de70548-b758-4ce0-8a37-5bcdb6bcd0fc,user35,$2a$10$uOKgdW4u0US3HyO6.Q0EOeYlwZ30LwBcKkdtMno/FifQEBzmL9kX2,user35@example.com,User35,USER,010-0000-00035
0e5604d1-8eff-42c9-a7dc-6165423eb645,user36,$2a$10$67xTPmVLrPYb23drrmLZ8eqwmL9cak8fbh3P4yYU5R4kFRNdZMDsu,user36@example.com,User36,USER,010-0000-00036
572116e6-8177-46e7-a553-b2cfd32f9321,user37,$2a$10$XrAtGlB4gqJGo.xztenymeGIA9dnU42RHYv71cF6zJlwAs60g0hJS,user37@example.com,User37,USER,010-0000-00037
a12c607f-8e10-4b89-a4ea-c4b500b5c3cf,user38,$2a$10$KwnWWZbNF3USknRmUhkBR.2jopRi.ZKV5bbutmiTk3USBahelWAO6,user38@example.com,User38,USER,010-0000-00038
7ed13b2f-a326-45f2-bfd5-a6c1889a35e2,user39,$2a$10$1NyjxHkQkQesC1LzIHNu9.IAjrki.rKL1bl/p1B6ITnpCOQAxYV.O,user39@example.com,User39,USER,010-0000-00039
1a32986c-d4d7-4d29-b7de-78cebcee9f26,user40,$2a$10$n29RJzZG823.11P5H3IaNuF.PBciOs9ynLcZkl7ip2rgGF9R57Y2C,user40@example.com,User40,USER,010-0000-00040
a3eccf32-77db-4720-81e4-b90695161542,user41,$2a$10$obou81qUySra2B.bt4IFsO3Zcxaq5997qiM6Kp9b4lDQue6hnITQS,user41@example.com,User41,USER,010-0000-00041
d6ada5ce-cb76-40e7-b195-f6e014e38ba1,user42,$2a$10$OlfKizf54WUPjIxaBleW3.vBbltqSN56bhp8O8IcdhChKeX0UeltG,user42@example.com,User42,USER,010-0000-00042
c72b4063-69b8-49eb-8c98-bcd00e3534ac,user43,$2a$10$5OywYrsIkX2kMOOAhw0IQ.IXLzQZq1BZAyRkvh2UGpuyrx8w0Z2TC,user43@example.com,User43,USER,010-0000-00043
1d05047a-716a-4aef-85d6-0f25634bf887,user44,$2a$10$nhI6DyvgVIxHcbDieVARO.Wsa.dbbFhRxvBacxdnuuJX2gZ6I3DAO,user44@example.com,User44,USER,010-0000-00044
785ab2ac-4123-4083-98c8-caf25e00bee2,user45,$2a$10$VXJ.QmO3jZyOPZ6kX9G4..PHG3JYVv9AJIQ3gsnISDKm73tv6W2lG,user45@example.com,User45,USER,010-0000-00045
cfb38731-df44-4aaf-94c7-689019567f59,user46,$2a$10$BLLn3xPXPd39M1oH.c2Z5.taElyxDL6DyBM8aMzYPyjUT7RKd5ij.,user46@example.com,User46,USER,010-0000-00046
cde452d9-ba95-4e77-9f75-040095b36685,user47,$2a$10$SDLaX/MRNyzvF2gVKaGlsOEVnq4CDYeBzVyzPxNuJaUuGxCdZebBu,user47@example.com,User47,USER,010-0000-00047
04453a16-b02c-4b75-8da1-23b9a431d010,user48,$2a$10$9U2EczCmUAjXdwlkhglCp.EVmfY5ZsDeGIC5lpDvl40eVh1z.N56e,user48@example.com,User48,USER,010-0000-00048
19241a82-f7da-4b73-89b5-563053577ae8,user49,$2a$10$FiE9hamnu7LTqnGMGu2eTedMJK8K6uoHRqMmVwveE5DuBLcpNWlBC,user49@example.com,User49,USER,010-0000-00049
a6be4de0-e216-48c3-b651-61c17667f435,user50,$2a$10$iiCeoxbufO9sWgMo71D6Y./JlnuGFxGouWA490qeLI2OmoR2Mfi1G,user50@example.com,User50,USER,010-0000-00050
de66cbac-3d27-42c3-b5d5-dc9452c35920,user51,$2a$10$zCXJMrs7eCBnFb9Om3I3BeIqmeGbz.2ogsxmT5dcOo94Po2TUc3UW,user51@example.com,User51,USER,010-0000-00051
dc1a5190-24de-4419-9d97-67f9dd525aa6,user52,$2a$10$wRslIC4CdTu6uG1fZ2JYBuobZYbhbYpMvuIVqEtJk5WFxBtJW6uru,user52@example.com,User52,USER,010-0000-00052
5cb07ce8-c826-46fa-9533-20b2e847b27b,user53,$2a$10$rJIoazI7HBcfy3cAUOtinuKHNixzQpS16LflDoNr2QLb1XKE2KlmC,user53@example.com,User53,USER,010-0000-00053
2dfe8a1c-669c-4320-a911-b7d7088d3d48,user54,$2a$10$O7u.hU.0irnjPd36aC5ABOXgd7n26IxSXpyyaI4mBNEoKNfo.2IQS,user54@example.com,User54,USER,010-0000-00054
99ffcf61-33ea-4c7c-afa9-1655997fa6ce,user55,$2a$10$It3M9rdEHuBWeeNgY7xTX.aJwDLrK/qDRasJKkZR3jMctTwAJApBO,user55@example.com,User55,USER,010-0000-00055
9ff9643d-b817-47ab-9de0-7450e3f9bd05,user56,$2a$10$cUcSY9ZIiRPqQ0.KGXhrYeYxV4HGp99H/uR.ClLxucl.S3Rht9gFe,user56@example.com,User56,USER,010-0000-00056
37022746-70ac-4347-97b3-ddde03834c8d,user57,$2a$10$EoXX1GiEsTQkfKyV5pVs0ePr1V2BGB67O0z.ZNJBKtsZYf8ozEhm.,user57@example.com,User57,USER,010-0000-00057
9a932b84-7473-4d41-bd2c-8c8470a44122,user58,$2a$10$7SfN0JI4iHdtEbA1CCMW8OVUkgpWubnSWZPvCge.Opof20NwLh6sq,user58@example.com,User58,USER,010-0000-00058
4d4a6d52-5ee7-4330-88a4-37d2d9edc25d,user59,$2a$10$tsJCq4.MT8JGrx02tzwl/.8cPW1U0WLUn917gEZuxy80J8sBxmhX.,user59@example.com,User59,USER,010-0000-00059
c756818c-3e6b-4432-bd41-4cc6f9573ea0,user60,$2a$10$iZ3aFo178ZK6pFX7D1ohhO3N3Vf8.ZCMFv6A9poYq60l4/Mkz3Tka,user60@example.com,User60,USER,010-0000-00060
5cf2f075-a670-4091-85bd-4b62c45e50c8,user61,$2a$10$u6j.ZTn3SHMgxlGz0clunui/Z54/pTnea4QXopthjBtCsR0hkyhXy,user61@example.com,User61,USER,010-0000-00061
b715c1c2-784e-4dfd-b273-eaafa9300a3a,user62,$2a$10$XMEBBR2yPjkHgwObZIHZNu4SmsBWbGCQnJjPE646WtYTJLi9IArHW,user62@example.com,User62,USER,010-0000-00062
582b20ef-e7cd-47e1-ad4d-ba75f3d6aa7a,user63,$2a$10$OeOgk5nUHXRrVAfmJD/0Tu7unGjLHDRtbQJa5W7a6.66Ofq8mON6i,user63@example.com,User63,USER,010-0000-00063
e564c06a-9ed3-48c2-b69f-64437c2c54e2,user64,$2a$10$WaShTPz2oBYtns48DpKmn.Jvs4RnmoH0Tz9/WSPUUgp42ONELK64a,user64@example.com,User64,USER,010-0000-00064
fe7bfaff-5626-4d51-871b-f5e758182cec,user65,$2a$10$BEcQDyKLVCAkN0MMOrgSGO2W66PqdbW6TXccwHnA3tMIYbb82oIB2,user65@example.com,User65,USER,010-0000-00065
57cda947-a793-4571-96d6-0f1d53d501ef,user66,$2a$10$eHNxE2DB9lZAG/RWqTVBDuXHd/Z8y0EUN7fETP1uPEiwx.BwEtkWW,user66@example.com,User66,USER,010-0000-00066
1e749d68-73eb-4fb3-a9f9-276394bdc318,user67,$2a$10$2H3C4tiI/AIrnr7wjymQ7u7DI9GYjz59pnX5GFPFLxSkkqkwtV/cy,user67@example.com,User67,USER,010-0000-00067
70bf9b75-dbab-417e-947c-323bbecb42f5,user68,$2a$10$2db/PWp6TJLW4Hp5TJZ91OT8kBJ0c8i4pdnBAqfOHg26V23ugLP66,user68@example.com,User68,USER,010-0000-00068
a510688e-12d1-47f3-83ce-68224872c80f,user69,$2a$10$4SBOsJhuMshMKvrpKg.rau/qfRwxz9s55Yc9u5B/fSTDI/Af8vbuG,user69@example.com,User69,USER,010-0000-00069
48acf9ee-6dae-4c23-bf2b-a6e26bb5aff9,user70,$2a$10$loTqdXUNH8jYbXJJr0cHWuflLNiMHSRmVkifriUCafvrZJ80x4fFu,user70@example.com,User70,USER,010-0000-00070
a430a5d5-1293-4238-b931-c98bb5bda7bc,user71,$2a$10$6eRjx3PGR.j2/Yc9QH6NI.NPrF1OBBbgwOIMkTUD2kQqTJvA7DXPm,user71@example.com,User71,USER,010-0000-00071
9281badd-84f1-45e4-ada1-e57e2abb7fab,user72,$2a$10$qI7ibfUGCkmcCZKGSc9dqOOKQwihUTVeukP8ilNpxVxfTwPx4VttO,user72@example.com,User72,USER,010-0000-00072
34425fa4-8f75-48c8-a5d3-35deb01bb087,user73,$2a$10$A.Run9vntzq.0wpc0YWZ..45R6W5sHlewT.Dv9hOA0uUGarg11KEm,user73@example.com,User73,USER,010-0000-00073
6164abe9-1137-4aa3-9c17-534149893e98,user74,$2a$10$/L8yzqbrKhaZUeGH9Tmi8eKUREQVS4QusEoEiz2/nsBmqd7pMqEha,user74@example.com,User74,USER,010-0000-00074
ccb7ad3a-de0a-4854-ace6-58ef00898019,user75,$2a$10$oMyBZ5wjGc3XBVT4YhXyd.WBSIflCbHCzO8mS7btxamEqQ7LIwfIC,user75@example.com,User75,USER,010-0000-00075
b5c8af78-5c1b-4433-bb3d-547e8df110be,user76,$2a$10$XV9kKPZp4uLUntE/LDuGJ.d.j2IaoOJZVFIApzd.LDWzIJCMNG0dW,user76@example.com,User76,USER,010-0000-00076
2b4bbd5d-8c10-45a1-a909-dbf0cf0d2ae4,user77,$2a$10$tACWuxq8eWdAwwCsbkrAaeuvTjnn.ljG7x01h4J4jxP8r9THTNwV2,user77@example.com,User77,USER,010-0000-00077
73900269-8b94-4494-bb23-6ea1ad64bb93,user78,$2a$10$YRmtZlNfTjD7eZdc7YYWC..ax1J9FnNUxhxAwTFyixlk/DNgv9U9S,user78@example.com,User78,USER,010-0000-00078
c81b67ea-b61a-4fc6-9a9d-c2179f69944d,user79,$2a$10$AzpQUP36BP/jJP9lvsw3F.Hk4sT/47bUE98/aynVoDdqsErfiaFCa,user79@example.com,User79,USER,010-0000-00079
b2c9cff0-9c57-478a-a2af-a4d5d09b9a3d,user80,$2a$10$b4PHV9kwMQQVhoMlbziMFOySR6XvRaU/E5.wvYBlGeqQTXBWT/bDC,user80@example.com,User80,USER,010-0000-00080
1969c191-64fd-47ef-b410-0b10a93a1455,user81,$2a$10$YSJXNv8BTPCir/aAN97K9.g4qQcYIViLhdiZnU5Qa5GKza9nixPfa,user81@example.com,User81,USER,010-0000-00081
6dd9d942-ada1-46b1-98a9-8373146c1e6e,user82,$2a$10$js8Om5OPBCN/m/ukZGiU8./kRolBz20Sxb1Tv7I1gVCkCRxCS4aQa,user82@example.com,User82,USER,010-0000-00082
a61656a5-bafa-47c0-a285-8c02de2b5bc4,user83,$2a$10$pz9vh/Q2wRu6rhm0eKPapulVzksLYGt7enePcloQDUxmPF3/HSzP.,user83@example.com,User83,USER,010-0000-00083
58fa0d03-9641-424f-8bd7-b852f3b57de8,user84,$2a$10$KRD73TogqsfFXeEU9O1Lvex3Kz6vePdAdWKG/n0Peaj4FNxUZS0L6,user84@example.com,User84,USER,010-0000-00084
22cb99fc-8655-4fa1-883e-b1f08db5872e,user85,$2a$10$N8ClCGp6DxoLUUAuCZ6kCuzaREHCbyllhRtjbav3rRGziSlY2Nupy,user85@example.com,User85,USER,010-0000-00085
a1a9446f-633a-439d-b249-150aeb12ee3e,user86,$2a$10$3PZhmQaY0g1wMJnBlK0/K.3Gt1vDHUIifF9IkbvgZQDVLIEwItDBq,user86@example.com,User86,USER,010-0000-00086
4622362c-8a99-4a91-9d74-808245d04f3a,user87,$2a$10$M0OrQihlWgOWg6dGnWYr..HYmHOQCKja7MS6z815Gvj18fBFoa5z2,user87@example.com,User87,USER,010-0000-00087
c742c2c2-a530-47fe-ab2c-69cd2bd5aeb8,user88,$2a$10$1kZX.D.yDFK84lJtUPp3C.6rVRNpUH84LUnDFkp1sZ5HTKzF5wAbu,user88@example.com,User88,USER,010-0000-00088
5589d394-f9ce-4aa2-97da-352059f29f42,user89,$2a$10$lQwu2GNWMBaXQhEtMrXsn.8RXYRcYtWfBVFxJyV8uYe7B5HRYNqJq,user89@example.com,User89,USER,010-0000-00089
f0b83290-becd-48c5-ba7e-7c40255a7652,user90,$2a$10$r04nmBeJ4WvkFmRsCPv0p.nWCEB6Ple6JMnelB5K3ZKDtdHcsrrBS,user90@example.com,User90,USER,010-0000-00090
62211199-0aad-4a3e-8280-f7ffb8bddd5b,user91,$2a$10$Xn2x9zcqwBx7uPzX2aANNOi9DK/hJtMnpzvmHibCVG.wVXeF3zDJe,user91@example.com,User91,USER,010-0000-00091
bfc97bea-11de-4631-8fca-4807059a818e,user92,$2a$10$EIaKABKgJMeMOLPNzNKeOejNUV2fewjOtuuzA./sj0t/ixPrEy1Za,user92@example.com,User92,USER,010-0000-00092
3a6c4762-b601-4e83-aaf7-9a7069434f66,user93,$2a$10$tLbzs32xVbmrSLrZS1ToGeU97.pmf2zz.AmPJFnrSOxJr1B2mDyci,user93@example.com,User93,USER,010-0000-00093
c0b7d62b-b7f6-4d80-b2a5-7d46c9bdeff4,user94,$2a$10$7TC5oZ3g4dWj2q.pOmLDtOxv8cJtyVHe63EYYAYKBQICDbXYCbEim,user94@example.com,User94,USER,010-0000-00094
9200382e-6862-42a2-afc4-241a56318aa1,user95,$2a$10$udXqA0HtYtTseqpNOIzWUONdHI.xUAf1cPlZRZ5pjLM1eDV/ApeSm,user95@example.com,User95,USER,010-0000-00095
5b5cb654-a4de-454d-9974-4b5fa3af683a,user96,$2a$10$hMMvNgjKg0j003NeGQ8rtOOOaW2bKs3/6IHtqH4cgB9GFNHzV8sSi,user96@example.com,User96,USER,010-0000-00096
c5a6d132-a97e-473e-9d6e-417b29a7935d,user97,$2a$10$lvI9QoQS0s1puTUHuMwltu2duqokDZWHni9VyfAg.Frjy4F169CyW,user97@example.com,User97,USER,010-0000-00097
dda414e7-e151-452f-9b85-e1c26ec1bb30,user98,$2a$10$PnTc3MdPx3pqsQaY8JtNqut.5Wns6r5CKfvUJXjuPNbxVsY2r5gDq,user98@example.com,User98,USER,010-0000-00098
7d342687-956d-45e8-a505-ae852987ee02,user99,$2a$10$7D/2ODWspo683pNBk./2RemlkGOv.V381we4Q/Rfbb3i7WVlznLH6,user99@example.com,User99,USER,010-0000-00099
445f4bf9-3685-4fa1-962d-90eea43b39c7,user100,$2a$10$.rApo7cqw608KkGneZEUVO8ZAn/5wUrMn8pIBpnLaRxPB.LuHGrby,user100@example.com,User100,USER,010-0000-000100